CTD,20201209CCHSIO
# DATE and TIME:  Merged corrected DATE and TIME headers into CTD files
# References:
#     Cruise report available at https://cchdo.ucsd.edu/cruise/33RR20180918
# CCHDO Citation Information
#     Please cite data downloaded from CCHDO as: [Data providers of the parameter(s) used]. [Year of file access]. [CTD/Bottle] data from cruise [expocode], [format version used]. Accessed from CCHDO [url of cruise data page]. Access date [date of download]. [Applicable CCHDO cruise DOI if provided].
#     Information on the scientists who provided the different parameters can be found in the cruise report. Additionally, for US GO-SHIP cruises, this information is usually in the comments section in the text headers of the Exchange bottle files.
#     Users are also encouraged to acknowledge the funding program that supported the data collection in their publication. For US GO-SHIP data this is the NSF/NOAA funded U.S Repeat Hydrography Program.
#     Please see https://cchdo.ucsd.edu/citation or https://cchdo.ucsd.edu for details and examples
# CTD,20200313ODFSIO - Previous Time Stamp. DATE and TIME corrected
# CTD,20190518CCHSIO - Previous Time Stamp. Previous Comments Below
#     SHIP: Roger Revelle
#     Cruise: GEOTRACES, RR1815
#     DATES: 20180918 to 20181125
#     Chief Scientist: Greg Cutter
#     EVENT_CODE = unknown
#     DEPTH_TYPE = unknown
#     LATITUDE_UNITS = degrees_North
#     LONGITUDE_UNITS = degrees_East
#     DATE_UNITS: YYYYMMDD
#     TIME_UNITS = HHMM
#     STNNBR and CASTNO: removed leading 0s from values to match bottle file.
#     CASTNO: header values for CASTNO were changed to match the file name for the following originator filenames: 00411_ct1.csv,00810_ct1.csv,00812_ct1.csv,00813_ct1.csv,01210_ct1.csv,01212_ct1.csv,01410_ct1.csv,01412_ct1.csv,01413_ct1.csv,01911_ct1.csv,01912_ct1.csv,02111_ct1.csv,02310_ct1.csv,02312_ct1.csv,02313_ct1.csv,02511_ct1.csv,02711_ct1.csv,02910_ct1.csv,02912_ct1.csv,02913_ct1.csv,03111_ct1.csv,03311_ct1.csv,03510_ct1.csv,03512_ct1.csv,03513_ct1.csv,03711_ct1.csv,03910_ct1.csv,03912_ct1.csv
#     Removed erroneous last commas from headers in original file 00702_ct1.csv
#     Original file name: 01605_ct1.csv
#     CTD,20190107ODFSIO - Previous Time Stamp.
NUMBER_HEADERS = 11
EXPOCODE = 33RR20180918
SECT_ID = rr1815
STNNBR = 16
CASTNO = 5
DATE = 20181017
TIME = 0055
LATITUDE = 26.999680
LONGITUDE = -151.999940
DEPTH =  5472
INSTRUMENT_ID = 1281
CTDPRS,CTDPRS_FLAG_W,CTDTMP,CTDTMP_FLAG_W,CTDSAL,CTDSAL_FLAG_W,CTDOXY,CTDOXY_FLAG_W,CTDXMISS,CTDXMISS_FLAG_W,CTDFLUOR,CTDFLUOR_FLAG_W,CTDRINKO,CTDRINKO_FLAG_W
DBAR,,ITS-90,,PSS-78,,UMOL/KG,,0-5VDC,,0-5VDC,,0-5VDC,
       0.0,2,   24.5386,2,   35.4362,2,  209.3715,2,    4.5489,1,    0.0171,1,    1.3968,1
       2.0,2,   24.5227,2,   35.4363,2,  210.2798,2,    4.5498,1,    0.0177,1,    1.3964,1
       4.0,2,   24.5265,2,   35.4364,2,  210.0197,2,    4.5508,1,    0.0173,1,    1.3924,1
       6.0,2,   24.4832,2,   35.4365,2,  208.9202,2,    4.5491,1,    0.0175,1,    1.3902,1
       8.0,2,   24.4622,2,   35.4362,2,  209.2344,2,     4.548,1,    0.0177,1,    1.3883,1
      10.0,2,   24.4546,2,   35.4363,2,  209.6019,2,    4.5473,1,    0.0175,1,    1.3864,1
      12.0,2,   24.4517,2,   35.4362,2,  209.7187,2,    4.5466,1,    0.0181,1,    1.3838,1
      14.0,2,   24.4467,2,    35.436,2,  209.7204,2,     4.546,1,    0.0181,1,    1.3809,1
      16.0,2,   24.4425,2,   35.4358,2,  209.7396,2,    4.5482,1,    0.0179,1,    1.3781,1
      18.0,2,   24.4411,2,   35.4358,2,  209.4863,2,    4.5476,1,    0.0181,1,    1.3752,1
      20.0,2,   24.4392,2,   35.4358,2,  209.2139,2,    4.6172,1,    0.0184,1,     1.373,1
      22.0,2,   24.4391,2,   35.4357,2,  209.0814,2,    4.6323,1,    0.0183,1,    1.3718,1
      24.0,2,   24.4367,2,   35.4356,2,  209.4946,2,    4.6316,1,    0.0183,1,     1.371,1
      26.0,2,   24.4355,2,   35.4356,2,  209.9939,2,    4.6323,1,    0.0183,1,    1.3707,1
      28.0,2,    24.436,2,   35.4357,2,  210.0504,2,    4.6326,1,    0.0184,1,    1.3714,1
      30.0,2,   24.4347,2,   35.4356,2,  209.8673,2,    4.6172,1,    0.0184,1,    1.3715,1
      32.0,2,    24.433,2,   35.4353,2,  210.0225,2,    4.5574,1,    0.0184,1,    1.3714,1
      34.0,2,   24.4324,2,   35.4353,2,  210.1048,2,    4.5481,1,    0.0183,1,    1.3717,1
      36.0,2,   24.4323,2,   35.4353,2,  210.2394,2,    4.5448,1,    0.0186,1,    1.3723,1
      38.0,2,   24.4315,2,    35.435,2,  209.9898,2,    4.5489,1,    0.0184,1,    1.3727,1
      40.0,2,   24.4305,2,   35.4349,2,  209.8831,2,    4.5474,1,    0.0189,1,    1.3724,1
      42.0,2,   24.4286,2,   35.4346,2,  210.2438,2,    4.5454,1,    0.0191,1,    1.3726,1
      44.0,2,   24.4232,2,   35.4337,2,  210.6027,2,    4.5456,1,    0.0195,1,    1.3723,1
      46.0,2,   24.4153,2,   35.4327,2,  210.6321,2,    4.5455,1,    0.0194,1,     1.371,1
      48.0,2,   24.4137,2,   35.4327,2,  210.7242,2,    4.5466,1,    0.0191,1,    1.3701,1
      50.0,2,   24.4087,2,   35.4321,2,  210.3711,2,    4.5455,1,    0.0195,1,    1.3695,1
      52.0,2,   24.3969,2,   35.4303,2,  210.9382,2,    4.5453,1,    0.0195,1,    1.3686,1
      54.0,2,   24.3652,2,   35.4259,2,  211.2349,2,    4.5455,1,    0.0195,1,    1.3681,1
      56.0,2,   24.1711,2,   35.3981,2,  211.9464,2,    4.5409,1,    0.0199,1,    1.3677,1
      58.0,2,    22.946,2,   35.2688,2,  220.8451,2,    4.5332,1,    0.0215,1,    1.3675,1
      60.0,2,   21.9697,2,   35.1898,2,  229.3936,2,    4.5312,1,    0.0222,1,    1.3668,1
      62.0,2,   21.6463,2,   35.1732,2,  232.5877,2,    4.5339,1,    0.0225,1,    1.3667,1
      64.0,2,   21.3823,2,   35.1633,2,  233.7072,2,    4.5364,1,     0.023,1,    1.3669,1
      66.0,2,   21.2297,2,    35.154,2,  234.9675,2,    4.5372,1,    0.0231,1,    1.3678,1
      68.0,2,   20.8836,2,   35.1361,2,   234.166,2,    4.5404,1,    0.0245,1,    1.3687,1
      70.0,2,   20.6506,2,   35.1292,2,  233.0537,2,    4.5424,1,    0.0263,1,    1.3694,1
      72.0,2,   20.5546,2,   35.1237,2,  233.1902,2,    4.5437,1,     0.027,1,    1.3735,1
      74.0,2,   20.2641,2,   35.1085,2,  231.8326,2,    4.5469,1,    0.0269,1,     1.379,1
      76.0,2,   20.1377,2,   35.0997,2,  230.5333,2,    4.5487,1,    0.0285,1,    1.3822,1
      78.0,2,   20.0183,2,   35.0907,2,  229.8622,2,    4.5492,1,    0.0305,1,    1.3871,1
      80.0,2,   20.0379,2,   35.0877,2,  229.3493,2,     4.549,1,    0.0308,1,    1.3943,1
      82.0,2,    19.843,2,   35.0745,2,  228.8738,2,    4.5521,1,    0.0318,1,    1.3993,1
      84.0,2,   19.6562,2,   35.0601,2,  227.7911,2,    4.5512,1,    0.0376,1,    1.4019,1
      86.0,2,   19.5396,2,   35.0492,2,  226.7983,2,    4.5494,1,    0.0423,1,    1.4053,1
      88.0,2,   19.5474,2,   35.0488,2,  227.1135,2,    4.5466,1,    0.0436,1,    1.4098,1
      90.0,2,   19.3986,2,   35.0364,2,  225.8963,2,    4.5438,1,    0.0474,1,    1.4119,1
      92.0,2,   19.3412,2,   35.0296,2,  226.0195,2,    4.5436,1,    0.0502,1,    1.4133,1
      94.0,2,   19.2915,2,   35.0253,2,  225.3035,2,    4.5425,1,    0.0504,1,    1.4152,1
      96.0,2,   19.2509,2,   35.0217,2,  224.6023,2,     4.544,1,    0.0478,1,    1.4154,1
      98.0,2,   19.1142,2,   35.0078,2,   223.195,2,    4.5506,1,    0.0471,1,    1.4153,1
     100.0,2,   18.9935,2,   34.9975,2,  222.0224,2,     4.551,1,    0.0468,1,    1.4161,1
     102.0,2,   18.9769,2,   34.9938,2,  221.7121,2,    4.5527,1,    0.0464,1,    1.4147,1
     104.0,2,   18.9129,2,   34.9825,2,  221.9898,2,    4.5554,1,    0.0394,1,    1.4129,1
     106.0,2,   18.6791,2,    34.962,2,  217.9939,2,    4.5983,1,    0.0377,1,    1.4127,1
     108.0,2,   18.5832,2,   34.9536,2,  216.3163,2,    4.6467,1,    0.0355,1,    1.4124,1
     110.0,2,   18.5167,2,    34.946,2,  216.9894,2,    4.6485,1,    0.0352,1,    1.4122,1
     112.0,2,   18.4776,2,   34.9415,2,  215.5414,2,     4.649,1,    0.0344,1,    1.4124,1
     114.0,2,   18.4379,2,   34.9372,2,  215.9891,2,    4.6495,1,     0.034,1,     1.412,1
     116.0,2,   18.3921,2,   34.9318,2,  215.8865,2,    4.6498,1,    0.0331,1,    1.4119,1
     118.0,2,   18.3493,2,   34.9258,2,  215.0645,2,    4.6516,1,    0.0329,1,     1.412,1
     120.0,2,   18.2563,2,   34.9133,2,  214.7835,2,     4.654,1,    0.0316,1,    1.4123,1
     122.0,2,   18.1701,2,   34.9035,2,  213.8179,2,    4.6569,1,    0.0294,1,    1.4127,1
     124.0,2,   18.1368,2,   34.8977,2,  213.6005,2,    4.6581,1,    0.0291,1,    1.4131,1
     126.0,2,   18.0518,2,   34.8863,2,  213.5658,2,    4.6586,1,    0.0282,1,    1.4135,1
     128.0,2,   17.9204,2,   34.8718,2,  212.9578,2,    4.6607,1,    0.0277,1,     1.414,1
     130.0,2,   17.8864,2,   34.8662,2,  213.1933,2,    4.6619,1,    0.0253,1,    1.4158,1
     132.0,2,    17.841,2,   34.8584,2,  212.8327,2,    4.6631,1,    0.0244,1,    1.4167,1
     134.0,2,   17.7929,2,   34.8527,2,  212.6413,2,    4.6641,1,    0.0244,1,    1.4167,1
     136.0,2,   17.7905,2,   34.8519,2,  212.2686,2,    4.6641,1,    0.0244,1,    1.4168,1
     138.0,2,   17.7918,2,   34.8518,2,   212.338,2,    4.6642,1,    0.0244,1,    1.4169,1
     140.0,2,   17.7681,2,    34.846,2,  212.9534,2,    4.6642,1,    0.0244,1,    1.4169,1
     142.0,2,   17.6844,2,   34.8347,2,  212.3066,2,    4.6652,1,     0.024,1,    1.4178,1
     144.0,2,   17.6404,2,   34.8267,2,  212.1617,2,    4.6654,1,    0.0233,1,    1.4201,1
     146.0,2,    17.493,2,   34.8053,2,  211.7718,2,    4.6666,1,    0.0223,1,    1.4211,1
     148.0,2,   17.3563,2,   34.7858,2,  211.2509,2,    4.6681,1,     0.022,1,    1.4222,1
     150.0,2,   17.3125,2,   34.7784,2,  211.4722,2,    4.6687,1,    0.0226,1,     1.423,1
     152.0,2,   17.2574,2,   34.7698,2,  211.3867,2,    4.6688,1,     0.022,1,    1.4234,1
     154.0,2,   17.1787,2,   34.7619,2,  210.2857,2,    4.6696,1,    0.0207,1,    1.4245,1
     156.0,2,   17.1487,2,   34.7597,2,  209.9752,2,    4.6702,1,    0.0195,1,    1.4258,1
     158.0,2,   17.0912,2,   34.7496,2,   210.252,2,    4.6704,1,    0.0195,1,    1.4275,1
     160.0,2,   16.8357,2,   34.7133,2,   210.838,2,    4.6713,1,    0.0195,1,    1.4291,1
     162.0,2,   16.7207,2,   34.6983,2,  210.0333,2,     4.672,1,    0.0187,1,    1.4316,1
     164.0,2,   16.5634,2,   34.6732,2,   210.446,2,    4.6725,1,    0.0184,1,    1.4331,1
     166.0,2,   16.4589,2,   34.6572,2,   208.836,2,    4.6732,1,    0.0184,1,    1.4339,1
     168.0,2,   16.3765,2,   34.6476,2,   209.128,2,    4.6732,1,    0.0183,1,    1.4355,1
     170.0,2,   16.2948,2,   34.6339,2,  209.9748,2,    4.6732,1,    0.0183,1,    1.4369,1
     172.0,2,   16.1444,2,   34.6147,2,  209.6028,2,    4.6739,1,    0.0183,1,    1.4392,1
     174.0,2,   16.0254,2,   34.5988,2,  209.2871,2,    4.6739,1,    0.0183,1,    1.4417,1
     176.0,2,   15.8773,2,   34.5813,2,  209.1386,2,    4.6747,1,    0.0177,1,    1.4438,1
     178.0,2,   15.8085,2,    34.582,2,  209.5324,2,    4.6747,1,    0.0181,1,     1.446,1
     180.0,2,   15.7781,2,   34.5938,2,  210.8813,2,    4.6725,1,    0.0195,1,    1.4475,1
     182.0,2,   15.6777,2,   34.5799,2,   211.414,2,    4.6725,1,    0.0195,1,    1.4486,1
     184.0,2,   15.5314,2,     34.56,2,  211.5516,2,    4.6727,1,    0.0195,1,    1.4499,1
     186.0,2,    15.419,2,   34.5428,2,  211.2633,2,    4.6731,1,    0.0195,1,    1.4505,1
     188.0,2,   15.1558,2,   34.5109,2,  211.0919,2,    4.6731,1,    0.0195,1,    1.4519,1
     190.0,2,   14.9411,2,   34.4807,2,  211.4428,2,    4.6736,1,    0.0191,1,    1.4541,1
     192.0,2,   14.7745,2,   34.4584,2,  213.3826,2,    4.6744,1,     0.019,1,    1.4566,1
     194.0,2,   14.6428,2,   34.4399,2,  214.3549,2,    4.6751,1,    0.0188,1,    1.4596,1
     196.0,2,   14.5377,2,   34.4276,2,  213.8751,2,    4.6751,1,    0.0183,1,    1.4618,1
     198.0,2,   14.3464,2,   34.4093,2,  214.0484,2,    4.6754,1,    0.0183,1,    1.4632,1
     200.0,2,   14.2544,2,   34.3993,2,  212.8017,2,    4.6762,1,    0.0183,1,     1.465,1
     202.0,2,    14.209,2,    34.393,2,  212.3119,2,    4.6758,1,    0.0183,1,    1.4674,1
     204.0,2,   14.1189,2,   34.3817,2,  212.0513,2,    4.6762,1,    0.0183,1,    1.4699,1
     206.0,2,   13.9753,2,   34.3657,2,  210.8966,2,    4.6765,1,    0.0178,1,    1.4723,1
     208.0,2,   13.8876,2,   34.3557,2,  210.6692,2,     4.677,1,    0.0183,1,    1.4744,1
     210.0,2,   13.7466,2,   34.3452,2,  210.4894,2,    4.6767,1,    0.0183,1,    1.4767,1
     212.0,2,   13.6463,2,   34.3407,2,  211.3022,2,    4.6774,1,    0.0178,1,    1.4796,1
     214.0,2,    13.564,2,   34.3348,2,  211.2157,2,    4.6774,1,    0.0177,1,    1.4821,1
     216.0,2,   13.4814,2,   34.3256,2,  211.0663,2,    4.6772,1,    0.0183,1,    1.4841,1
     218.0,2,   13.3649,2,   34.3155,2,  210.8145,2,     4.678,1,    0.0171,1,    1.4868,1
     220.0,2,      13.3,2,   34.3097,2,  210.2459,2,    4.6785,1,    0.0171,1,     1.489,1
     222.0,2,   13.1976,2,   34.3035,2,  209.6696,2,    4.6788,1,    0.0169,1,    1.4903,1
     224.0,2,   13.1174,2,   34.2971,2,  210.0992,2,    4.6788,1,    0.0159,1,    1.4919,1
     226.0,2,   13.0226,2,   34.2897,2,  209.5159,2,    4.6788,1,    0.0168,1,    1.4952,1
     228.0,2,   13.0067,2,   34.2866,2,  210.6588,2,    4.6788,1,    0.0168,1,    1.5001,1
     230.0,2,    12.968,2,   34.2816,2,  210.5122,2,    4.6788,1,    0.0171,1,    1.5028,1
     232.0,2,   12.8685,2,   34.2761,2,  210.4302,2,    4.6788,1,    0.0163,1,    1.5043,1
     234.0,2,   12.8304,2,   34.2732,2,  210.2532,2,    4.6788,1,    0.0171,1,    1.5059,1
     236.0,2,    12.752,2,   34.2669,2,  210.9918,2,    4.6788,1,    0.0166,1,    1.5071,1
     238.0,2,   12.6372,2,   34.2604,2,  211.0234,2,    4.6789,1,    0.0159,1,    1.5104,1
     240.0,2,   12.5993,2,   34.2562,2,  211.4008,2,    4.6798,1,    0.0161,1,    1.5137,1
     242.0,2,   12.5048,2,   34.2542,2,  211.5361,2,      4.68,1,    0.0165,1,    1.5166,1
     244.0,2,   12.4949,2,   34.2525,2,  212.2239,2,    4.6799,1,    0.0165,1,    1.5202,1
     246.0,2,   12.3062,2,   34.2434,2,  211.2838,2,    4.6799,1,    0.0163,1,    1.5225,1
     248.0,2,   12.1992,2,   34.2352,2,  211.7896,2,      4.68,1,    0.0159,1,    1.5231,1
     250.0,2,   12.1133,2,   34.2325,2,  211.9494,2,    4.6799,1,    0.0167,1,    1.5243,1
     252.0,2,   12.0993,2,   34.2295,2,  212.3739,2,    4.6805,1,    0.0162,1,    1.5263,1
     254.0,2,   12.0904,2,    34.227,2,  212.6484,2,    4.6805,1,    0.0164,1,    1.5289,1
     256.0,2,   12.0796,2,   34.2253,2,  213.1436,2,    4.6805,1,    0.0159,1,     1.531,1
     258.0,2,   12.0538,2,   34.2226,2,  213.3075,2,    4.6808,1,    0.0164,1,    1.5336,1
     260.0,2,   12.0497,2,   34.2207,2,  213.4542,2,    4.6808,1,    0.0168,1,    1.5375,1
     262.0,2,   11.9588,2,   34.2141,2,  212.9396,2,    4.6807,1,    0.0164,1,    1.5398,1
     264.0,2,   11.8725,2,   34.2109,2,  212.8749,2,    4.6809,1,    0.0159,1,    1.5409,1
     266.0,2,   11.8362,2,   34.2099,2,  212.7768,2,    4.6812,1,    0.0159,1,    1.5414,1
     268.0,2,   11.8057,2,   34.2089,2,  212.9245,2,    4.6813,1,    0.0167,1,    1.5418,1
     270.0,2,   11.7897,2,    34.207,2,  213.5914,2,    4.6812,1,     0.017,1,     1.543,1
     272.0,2,   11.7556,2,   34.2046,2,   214.269,2,    4.6812,1,    0.0164,1,    1.5458,1
     274.0,2,   11.6875,2,   34.2023,2,  214.6409,2,    4.6813,1,    0.0159,1,    1.5483,1
     276.0,2,   11.6556,2,   34.2014,2,  215.2868,2,    4.6813,1,    0.0159,1,    1.5513,1
     278.0,2,   11.6341,2,   34.2016,2,  215.8801,2,    4.6815,1,    0.0159,1,    1.5535,1
     280.0,2,   11.6168,2,   34.2022,2,  215.7421,2,    4.6812,1,    0.0159,1,     1.555,1
     282.0,2,   11.5343,2,   34.1986,2,  215.7633,2,    4.6813,1,    0.0159,1,     1.556,1
     284.0,2,   11.4576,2,   34.1945,2,  216.1446,2,     4.682,1,    0.0159,1,     1.557,1
     286.0,2,   11.3988,2,   34.1889,2,  216.5074,2,    4.6821,1,    0.0169,1,    1.5588,1
     288.0,2,   11.3594,2,   34.1854,2,  217.3179,2,    4.6817,1,    0.0169,1,    1.5618,1
     290.0,2,   11.2802,2,   34.1791,2,  217.5007,2,    4.6817,1,    0.0164,1,    1.5645,1
     292.0,2,   11.2224,2,   34.1749,2,  217.7244,2,    4.6822,1,    0.0161,1,    1.5669,1
     294.0,2,   11.1789,2,   34.1705,2,  217.7356,2,    4.6823,1,    0.0165,1,      1.57,1
     296.0,2,   11.1423,2,   34.1674,2,  217.9141,2,    4.6825,1,    0.0169,1,    1.5723,1
     298.0,2,    11.082,2,    34.163,2,   217.612,2,    4.6825,1,    0.0161,1,    1.5739,1
     300.0,2,   11.0201,2,   34.1588,2,  217.2527,2,    4.6825,1,    0.0162,1,    1.5746,1
     302.0,2,   10.9697,2,   34.1561,2,  217.2638,2,    4.6828,1,    0.0171,1,    1.5753,1
     304.0,2,   10.9598,2,   34.1548,2,    216.89,2,    4.6827,1,    0.0171,1,    1.5762,1
     306.0,2,   10.9405,2,   34.1525,2,  216.3196,2,    4.6826,1,    0.0171,1,    1.5785,1
     308.0,2,   10.9006,2,   34.1495,2,   216.297,2,    4.6829,1,    0.0171,1,    1.5809,1
     310.0,2,   10.8738,2,   34.1475,2,  215.6055,2,    4.6827,1,    0.0161,1,     1.583,1
     312.0,2,    10.839,2,   34.1446,2,  215.3413,2,    4.6823,1,    0.0159,1,    1.5859,1
     314.0,2,   10.7981,2,    34.142,2,     214.7,2,    4.6827,1,    0.0159,1,    1.5876,1
     316.0,2,   10.7493,2,   34.1392,2,  214.1651,2,    4.6829,1,    0.0159,1,    1.5883,1
     318.0,2,     10.72,2,   34.1377,2,  213.4945,2,    4.6836,1,    0.0164,1,     1.589,1
     320.0,2,   10.6824,2,   34.1348,2,  213.5338,2,    4.6831,1,    0.0171,1,    1.5901,1
     322.0,2,   10.6345,2,   34.1318,2,  212.7713,2,     4.683,1,    0.0163,1,    1.5916,1
     324.0,2,   10.5872,2,   34.1273,2,   211.957,2,    4.6834,1,    0.0171,1,    1.5927,1
     326.0,2,   10.5131,2,   34.1221,2,  210.3363,2,    4.6837,1,    0.0166,1,     1.594,1
     328.0,2,   10.4567,2,   34.1183,2,   208.583,2,    4.6834,1,    0.0162,1,     1.596,1
     330.0,2,   10.4312,2,   34.1164,2,  207.6057,2,    4.6833,1,    0.0169,1,    1.5981,1
     332.0,2,   10.4065,2,   34.1151,2,  207.2939,2,    4.6833,1,    0.0168,1,    1.5994,1
     334.0,2,   10.3738,2,   34.1131,2,  206.9322,2,    4.6836,1,    0.0171,1,    1.6002,1
     336.0,2,   10.3424,2,   34.1114,2,  205.8632,2,    4.6837,1,    0.0162,1,    1.6007,1
     338.0,2,   10.3218,2,   34.1101,2,  205.2159,2,    4.6836,1,    0.0167,1,    1.6016,1
     340.0,2,   10.2908,2,   34.1091,2,  204.7774,2,    4.6835,1,    0.0159,1,    1.6023,1
     342.0,2,   10.2641,2,   34.1077,2,   204.384,2,    4.6836,1,    0.0168,1,    1.6028,1
     344.0,2,   10.2404,2,   34.1066,2,  204.0661,2,    4.6831,1,    0.0171,1,    1.6049,1
     346.0,2,   10.2102,2,   34.1048,2,  203.8274,2,    4.6837,1,    0.0167,1,    1.6065,1
     348.0,2,   10.1315,2,   34.1028,2,  202.7573,2,    4.6835,1,    0.0165,1,    1.6072,1
     350.0,2,    10.056,2,   34.1008,2,  201.9821,2,    4.6836,1,    0.0171,1,    1.6081,1
     352.0,2,    9.9899,2,   34.0986,2,  200.5833,2,    4.6837,1,    0.0166,1,    1.6092,1
     354.0,2,    9.9494,2,   34.0974,2,  199.5089,2,    4.6837,1,    0.0168,1,    1.6094,1
     356.0,2,    9.9387,2,   34.0961,2,  198.8258,2,    4.6835,1,    0.0171,1,    1.6104,1
     358.0,2,    9.9064,2,   34.0947,2,  198.3727,2,    4.6837,1,    0.0166,1,    1.6112,1
     360.0,2,    9.8823,2,   34.0933,2,  198.0743,2,    4.6839,1,    0.0169,1,    1.6118,1
     362.0,2,    9.8536,2,   34.0925,2,  197.7179,2,    4.6837,1,    0.0171,1,    1.6129,1
     364.0,2,    9.8276,2,   34.0927,2,  197.1439,2,     4.684,1,    0.0171,1,     1.614,1
     366.0,2,    9.8041,2,   34.0918,2,  196.6229,2,    4.6837,1,    0.0171,1,    1.6151,1
     368.0,2,    9.7547,2,   34.0887,2,  196.2889,2,    4.6837,1,    0.0171,1,    1.6161,1
     370.0,2,    9.6898,2,   34.0863,2,  195.2529,2,    4.6842,1,    0.0164,1,    1.6171,1
     372.0,2,    9.6305,2,    34.084,2,  194.5687,2,     4.684,1,    0.0171,1,    1.6176,1
     374.0,2,    9.5668,2,    34.083,2,  193.7108,2,    4.6838,1,    0.0171,1,    1.6187,1
     376.0,2,    9.5013,2,   34.0795,2,  192.4896,2,    4.6843,1,    0.0168,1,    1.6201,1
     378.0,2,    9.4599,2,   34.0773,2,  191.0753,2,    4.6839,1,    0.0169,1,    1.6213,1
     380.0,2,    9.4376,2,   34.0753,2,  190.5913,2,    4.6837,1,    0.0171,1,    1.6217,1
     382.0,2,     9.384,2,   34.0734,2,  190.3466,2,     4.684,1,    0.0171,1,    1.6228,1
     384.0,2,    9.3503,2,   34.0717,2,  189.5684,2,    4.6841,1,    0.0171,1,    1.6245,1
     386.0,2,    9.3169,2,     34.07,2,  188.6922,2,    4.6841,1,    0.0171,1,    1.6258,1
     388.0,2,    9.2814,2,   34.0679,2,  188.1999,2,     4.684,1,    0.0171,1,    1.6271,1
     390.0,2,    9.2235,2,   34.0652,2,  187.5986,2,     4.684,1,     0.017,1,    1.6285,1
     392.0,2,    9.1421,2,    34.064,2,  186.6933,2,    4.6839,1,    0.0163,1,     1.629,1
     394.0,2,    9.0959,2,    34.062,2,  185.3056,2,    4.6845,1,    0.0171,1,    1.6305,1
     396.0,2,     9.062,2,   34.0619,2,  184.3564,2,    4.6841,1,    0.0171,1,     1.632,1
     398.0,2,    9.0463,2,   34.0622,2,   183.974,2,    4.6845,1,    0.0171,1,    1.6332,1
     400.0,2,    9.0068,2,   34.0585,2,  183.8821,2,    4.6846,1,    0.0162,1,    1.6341,1
     402.0,2,    8.9448,2,   34.0571,2,  182.4299,2,    4.6844,1,    0.0171,1,    1.6352,1
     404.0,2,     8.938,2,   34.0594,2,  181.7632,2,    4.6848,1,    0.0171,1,    1.6376,1
     406.0,2,    8.9274,2,    34.059,2,  181.2912,2,    4.6845,1,    0.0171,1,    1.6388,1
     408.0,2,    8.8907,2,   34.0579,2,   181.135,2,     4.684,1,    0.0171,1,    1.6396,1
     410.0,2,    8.8639,2,   34.0574,2,  179.9352,2,    4.6845,1,    0.0171,1,    1.6418,1
     412.0,2,    8.8306,2,   34.0562,2,   179.246,2,    4.6848,1,    0.0171,1,    1.6432,1
     414.0,2,    8.8045,2,   34.0559,2,  178.2986,2,    4.6848,1,    0.0162,1,    1.6442,1
     416.0,2,     8.763,2,   34.0553,2,  177.8245,2,    4.6845,1,    0.0171,1,    1.6453,1
     418.0,2,    8.7129,2,   34.0554,2,   176.503,2,    4.6844,1,    0.0171,1,    1.6467,1
     420.0,2,    8.6939,2,    34.054,2,  174.8824,2,    4.6844,1,    0.0171,1,    1.6488,1
     422.0,2,    8.6717,2,   34.0526,2,  174.6768,2,    4.6848,1,    0.0171,1,     1.651,1
     424.0,2,    8.6469,2,   34.0517,2,  174.4637,2,    4.6844,1,    0.0171,1,    1.6536,1
     426.0,2,    8.5958,2,   34.0513,2,  174.8041,2,    4.6843,1,    0.0171,1,    1.6552,1
     428.0,2,    8.5773,2,   34.0511,2,  174.2742,2,    4.6848,1,    0.0171,1,     1.656,1
     430.0,2,    8.5562,2,   34.0499,2,  173.6516,2,    4.6846,1,    0.0171,1,    1.6572,1
     432.0,2,    8.5283,2,   34.0492,2,   173.196,2,    4.6844,1,    0.0171,1,    1.6592,1
     434.0,2,    8.5054,2,   34.0478,2,  172.2496,2,    4.6844,1,    0.0171,1,    1.6618,1
     436.0,2,    8.4709,2,    34.046,2,  171.6027,2,    4.6844,1,    0.0171,1,    1.6644,1
     438.0,2,    8.3909,2,   34.0435,2,  170.2441,2,    4.6844,1,    0.0171,1,     1.666,1
     440.0,2,    8.3298,2,   34.0421,2,  168.1386,2,    4.6835,1,    0.0171,1,    1.6672,1
     442.0,2,    8.2648,2,   34.0408,2,  166.4285,2,     4.684,1,    0.0171,1,    1.6684,1
     444.0,2,    8.2111,2,   34.0387,2,  164.2745,2,    4.6848,1,    0.0171,1,    1.6713,1
     446.0,2,    8.1698,2,    34.037,2,  162.9974,2,    4.6848,1,    0.0171,1,    1.6732,1
     448.0,2,    8.1365,2,   34.0356,2,  161.9058,2,    4.6845,1,    0.0171,1,    1.6753,1
     450.0,2,    8.1069,2,   34.0342,2,  160.6415,2,    4.6848,1,    0.0171,1,    1.6774,1
     452.0,2,    8.0741,2,   34.0333,2,  159.9513,2,    4.6848,1,    0.0171,1,     1.679,1
     454.0,2,    8.0251,2,   34.0317,2,  158.7131,2,    4.6848,1,    0.0171,1,    1.6802,1
     456.0,2,    7.9907,2,   34.0311,2,  157.2885,2,    4.6848,1,    0.0171,1,    1.6826,1
     458.0,2,    7.9252,2,   34.0298,2,  156.0979,2,    4.6848,1,    0.0171,1,    1.6851,1
     460.0,2,    7.8799,2,   34.0285,2,  153.7977,2,    4.6848,1,    0.0171,1,    1.6869,1
     462.0,2,     7.826,2,   34.0275,2,  152.2846,2,    4.6838,1,    0.0171,1,    1.6885,1
     464.0,2,    7.8125,2,   34.0265,2,  150.8334,2,    4.6848,1,    0.0175,1,    1.6916,1
     466.0,2,     7.791,2,    34.025,2,  150.2325,2,    4.6844,1,    0.0171,1,    1.6944,1
     468.0,2,     7.729,2,   34.0235,2,  149.6137,2,    4.6843,1,    0.0171,1,     1.696,1
     470.0,2,    7.6712,2,   34.0225,2,  148.2053,2,    4.6849,1,    0.0171,1,    1.6978,1
     472.0,2,    7.6424,2,   34.0214,2,  146.6848,2,    4.6849,1,    0.0171,1,    1.6997,1
     474.0,2,    7.5855,2,   34.0187,2,   145.646,2,    4.6849,1,    0.0171,1,    1.7016,1
     476.0,2,    7.4569,2,   34.0177,2,  144.2061,2,    4.6847,1,    0.0171,1,    1.7036,1
     478.0,2,    7.3972,2,    34.017,2,  140.3285,2,    4.6849,1,    0.0176,1,    1.7064,1
     480.0,2,    7.3718,2,   34.0155,2,  138.3866,2,    4.6849,1,    0.0175,1,    1.7108,1
     482.0,2,    7.3265,2,   34.0143,2,  137.4974,2,    4.6849,1,    0.0171,1,    1.7146,1
     484.0,2,    7.2812,2,   34.0126,2,  136.5727,2,    4.6849,1,    0.0171,1,     1.717,1
     486.0,2,     7.235,2,   34.0119,2,  135.5629,2,    4.6847,1,    0.0171,1,     1.719,1
     488.0,2,     7.183,2,   34.0105,2,  134.6099,2,    4.6847,1,    0.0171,1,    1.7206,1
     490.0,2,    7.1309,2,   34.0096,2,  133.2132,2,    4.6854,1,    0.0171,1,    1.7229,1
     492.0,2,    7.0739,2,   34.0085,2,  131.2243,2,    4.6851,1,    0.0171,1,    1.7264,1
     494.0,2,    7.0354,2,   34.0076,2,  129.4975,2,    4.6849,1,    0.0171,1,    1.7307,1
     496.0,2,    6.9943,2,   34.0064,2,  128.0258,2,    4.6847,1,    0.0171,1,    1.7343,1
     498.0,2,    6.9691,2,   34.0063,2,  127.0591,2,     4.685,1,    0.0171,1,    1.7384,1
     500.0,2,    6.9116,2,   34.0053,2,  125.5913,2,    4.6849,1,    0.0174,1,    1.7424,1
     502.0,2,    6.8606,2,   34.0052,2,  124.2304,2,    4.6854,1,    0.0181,1,    1.7457,1
     504.0,2,    6.8309,2,    34.005,2,   122.957,2,    4.6851,1,    0.0171,1,     1.749,1
     506.0,2,    6.7549,2,   34.0067,2,  121.8245,2,    4.6851,1,    0.0171,1,    1.7516,1
     508.0,2,    6.6978,2,   34.0069,2,  119.4974,2,    4.6854,1,    0.0171,1,    1.7557,1
     510.0,2,    6.6373,2,   34.0063,2,  117.0317,2,    4.6855,1,    0.0171,1,    1.7606,1
     512.0,2,    6.5757,2,    34.007,2,  114.8097,2,    4.6854,1,    0.0171,1,    1.7646,1
     514.0,2,    6.5519,2,   34.0064,2,  112.9578,2,    4.6859,1,    0.0177,1,    1.7685,1
     516.0,2,    6.5282,2,   34.0061,2,  111.5891,2,    4.6852,1,    0.0171,1,    1.7741,1
     518.0,2,    6.4826,2,   34.0063,2,  110.9022,2,    4.6852,1,    0.0172,1,    1.7794,1
     520.0,2,    6.4168,2,   34.0081,2,  109.8618,2,    4.6853,1,    0.0183,1,    1.7827,1
     522.0,2,     6.397,2,   34.0077,2,  108.1037,2,    4.6858,1,    0.0182,1,    1.7864,1
     524.0,2,    6.3742,2,   34.0072,2,  106.6203,2,    4.6857,1,    0.0178,1,    1.7903,1
     526.0,2,    6.3375,2,   34.0079,2,  105.3824,2,    4.6858,1,    0.0171,1,    1.7951,1
     528.0,2,    6.2929,2,   34.0087,2,  103.9003,2,    4.6858,1,    0.0178,1,     1.799,1
     530.0,2,    6.2516,2,   34.0095,2,   102.485,2,    4.6853,1,    0.0172,1,    1.8037,1
     532.0,2,    6.2306,2,   34.0099,2,  100.5459,2,    4.6859,1,    0.0177,1,    1.8094,1
     534.0,2,    6.2125,2,   34.0099,2,   99.9832,2,     4.686,1,    0.0174,1,    1.8143,1
     536.0,2,    6.1571,2,   34.0116,2,   99.4037,2,    4.6861,1,    0.0177,1,    1.8182,1
     538.0,2,    6.1277,2,    34.012,2,   97.1319,2,    4.6861,1,    0.0177,1,    1.8234,1
     540.0,2,    6.0899,2,   34.0133,2,   95.7777,2,    4.6861,1,    0.0177,1,    1.8289,1
     542.0,2,    6.0737,2,   34.0137,2,    94.532,2,    4.6858,1,    0.0174,1,    1.8323,1
     544.0,2,    6.0438,2,   34.0142,2,   93.9464,2,    4.6861,1,    0.0175,1,     1.836,1
     546.0,2,    6.0039,2,   34.0165,2,   92.8581,2,    4.6861,1,    0.0175,1,    1.8411,1
     548.0,2,    5.9972,2,   34.0161,2,   91.1213,2,    4.6858,1,    0.0172,1,    1.8474,1
     550.0,2,    5.9763,2,   34.0169,2,   90.6392,2,     4.686,1,    0.0171,1,    1.8518,1
     552.0,2,    5.9595,2,   34.0176,2,   90.0911,2,    4.6859,1,    0.0179,1,    1.8552,1
     554.0,2,    5.9382,2,   34.0183,2,   89.1857,2,    4.6848,1,    0.0175,1,    1.8608,1
     556.0,2,     5.927,2,   34.0185,2,   88.2001,2,    4.6861,1,    0.0177,1,    1.8667,1
     558.0,2,     5.909,2,   34.0192,2,   87.7113,2,    4.6862,1,    0.0178,1,    1.8699,1
     560.0,2,    5.8891,2,   34.0204,2,   87.4605,2,    4.6861,1,    0.0176,1,    1.8727,1
     562.0,2,    5.8833,2,   34.0205,2,   86.3638,2,    4.6861,1,    0.0182,1,    1.8752,1
     564.0,2,    5.8703,2,   34.0208,2,   85.8553,2,    4.6862,1,    0.0177,1,    1.8787,1
     566.0,2,    5.8485,2,   34.0219,2,   85.3508,2,    4.6861,1,    0.0183,1,    1.8821,1
     568.0,2,     5.824,2,   34.0231,2,   84.1406,2,    4.6864,1,     0.018,1,    1.8878,1
     570.0,2,    5.8025,2,   34.0241,2,   83.0715,2,    4.6862,1,    0.0176,1,    1.8943,1
     572.0,2,    5.7849,2,    34.025,2,   82.2924,2,    4.6862,1,    0.0171,1,    1.8982,1
     574.0,2,    5.7739,2,   34.0257,2,   81.6588,2,    4.6864,1,    0.0171,1,    1.9006,1
     576.0,2,    5.7478,2,   34.0273,2,   81.1454,2,    4.6862,1,    0.0171,1,    1.9026,1
     578.0,2,    5.7103,2,   34.0298,2,   80.4248,2,    4.6862,1,    0.0174,1,    1.9058,1
     580.0,2,    5.6902,2,   34.0311,2,   78.5949,2,    4.6865,1,    0.0177,1,     1.912,1
     582.0,2,    5.6642,2,   34.0326,2,   77.4678,2,    4.6862,1,    0.0183,1,    1.9162,1
     584.0,2,    5.6276,2,   34.0357,2,   76.8848,2,    4.6864,1,    0.0175,1,    1.9204,1
     586.0,2,    5.5991,2,   34.0363,2,    76.109,2,    4.6865,1,    0.0174,1,    1.9278,1
     588.0,2,    5.5675,2,   34.0383,2,   75.3493,2,    4.6869,1,    0.0183,1,    1.9332,1
     590.0,2,    5.5468,2,     34.04,2,   74.9872,2,    4.6871,1,    0.0183,1,     1.935,1
     592.0,2,    5.5346,2,   34.0405,2,    74.453,2,    4.6867,1,    0.0176,1,    1.9371,1
     594.0,2,     5.529,2,   34.0403,2,   73.6531,2,    4.6873,1,    0.0179,1,    1.9401,1
     596.0,2,    5.5204,2,   34.0404,2,   73.3743,2,    4.6869,1,    0.0176,1,    1.9448,1
     598.0,2,    5.5178,2,   34.0404,2,   73.0252,2,    4.6869,1,    0.0173,1,    1.9494,1
     600.0,2,    5.5045,2,   34.0423,2,   72.6728,2,     4.687,1,    0.0179,1,    1.9545,1
     602.0,2,    5.4806,2,   34.0453,2,   71.2608,2,    4.6868,1,     0.018,1,    1.9593,1
     604.0,2,    5.4596,2,   34.0461,2,   70.5962,2,    4.6873,1,    0.0171,1,    1.9616,1
     606.0,2,    5.4277,2,   34.0497,2,   70.4228,2,    4.6872,1,    0.0178,1,    1.9634,1
     608.0,2,    5.4056,2,   34.0525,2,   69.4509,2,    4.6873,1,    0.0183,1,    1.9664,1
     610.0,2,    5.4028,2,   34.0521,2,   67.2283,2,    4.6872,1,    0.0183,1,    1.9721,1
     612.0,2,    5.4007,2,    34.052,2,    66.776,2,    4.6872,1,    0.0175,1,    1.9774,1
     614.0,2,    5.3806,2,   34.0532,2,   66.4379,2,    4.6873,1,    0.0176,1,    1.9821,1
     616.0,2,    5.3262,2,   34.0569,2,   65.3876,2,     4.687,1,    0.0175,1,    1.9885,1
     618.0,2,    5.2863,2,   34.0586,2,   64.1847,2,    4.6872,1,    0.0178,1,    1.9942,1
     620.0,2,    5.2672,2,   34.0598,2,    63.651,2,    4.6872,1,    0.0179,1,    1.9975,1
     622.0,2,      5.25,2,   34.0613,2,   63.3065,2,    4.6869,1,    0.0171,1,    1.9997,1
     624.0,2,    5.2427,2,    34.062,2,   62.7665,2,     4.687,1,    0.0177,1,    2.0019,1
     626.0,2,     5.229,2,   34.0626,2,   62.1724,2,     4.687,1,    0.0181,1,    2.0063,1
     628.0,2,    5.2034,2,   34.0644,2,   61.2745,2,    4.6873,1,    0.0175,1,    2.0141,1
     630.0,2,    5.1667,2,   34.0646,2,   59.9137,2,    4.6869,1,     0.018,1,    2.0238,1
     632.0,2,    5.1564,2,   34.0663,2,    59.286,2,     4.687,1,    0.0173,1,    2.0304,1
     634.0,2,    5.1443,2,   34.0681,2,   59.2397,2,    4.6869,1,    0.0182,1,    2.0331,1
     636.0,2,    5.1151,2,   34.0718,2,    58.329,2,    4.6871,1,    0.0177,1,    2.0351,1
     638.0,2,    5.0862,2,   34.0745,2,   57.7167,2,    4.6873,1,    0.0179,1,    2.0393,1
     640.0,2,    5.0752,2,   34.0758,2,    56.236,2,    4.6868,1,    0.0183,1,     2.045,1
     642.0,2,    5.0667,2,    34.077,2,   55.3488,2,    4.6874,1,    0.0182,1,    2.0516,1
     644.0,2,    5.0447,2,   34.0813,2,   54.2101,2,    4.6874,1,    0.0178,1,    2.0612,1
     646.0,2,    5.0371,2,   34.0823,2,   53.1763,2,    4.6875,1,    0.0177,1,    2.0731,1
     648.0,2,    4.9972,2,   34.0868,2,   52.9634,2,    4.6876,1,    0.0182,1,    2.0798,1
     650.0,2,    4.9855,2,   34.0879,2,   51.8286,2,    4.6874,1,    0.0182,1,    2.0825,1
     652.0,2,    4.9605,2,   34.0913,2,   51.1519,2,    4.6873,1,    0.0173,1,    2.0855,1
     654.0,2,    4.9456,2,    34.093,2,   50.8209,2,    4.6873,1,    0.0181,1,    2.0898,1
     656.0,2,    4.9231,2,   34.0956,2,   49.8107,2,    4.6877,1,    0.0177,1,    2.0962,1
     658.0,2,       4.9,2,   34.0987,2,   48.1103,2,    4.6877,1,    0.0176,1,    2.1045,1
     660.0,2,    4.8831,2,    34.101,2,   47.1783,2,    4.6837,1,    0.0183,1,    2.1114,1
     662.0,2,    4.8618,2,   34.1053,2,   46.6985,2,    4.6849,1,    0.0183,1,    2.1161,1
     664.0,2,    4.8452,2,   34.1091,2,   45.4657,2,     4.688,1,    0.0183,1,    2.1215,1
     666.0,2,    4.8315,2,   34.1125,2,   44.3383,2,    4.6878,1,    0.0183,1,    2.1264,1
     668.0,2,    4.8204,2,   34.1163,2,   43.6932,2,    4.6878,1,    0.0182,1,    2.1297,1
     670.0,2,    4.8077,2,   34.1175,2,   43.0543,2,    4.6885,1,    0.0181,1,    2.1326,1
     672.0,2,    4.7949,2,   34.1181,2,   42.3457,2,     4.688,1,    0.0182,1,    2.1374,1
     674.0,2,    4.7907,2,   34.1182,2,   41.8739,2,     4.688,1,    0.0183,1,    2.1454,1
     676.0,2,    4.7852,2,   34.1185,2,   41.5949,2,    4.6884,1,    0.0181,1,    2.1545,1
     678.0,2,    4.7741,2,   34.1203,2,   41.5444,2,    4.6885,1,    0.0178,1,    2.1615,1
     680.0,2,    4.7623,2,    34.123,2,   40.9052,2,    4.6882,1,    0.0182,1,    2.1663,1
     682.0,2,     4.748,2,   34.1261,2,   40.5301,2,    4.6883,1,    0.0182,1,    2.1701,1
     684.0,2,    4.7453,2,   34.1263,2,   39.9295,2,    4.6885,1,    0.0182,1,    2.1739,1
     686.0,2,    4.7266,2,   34.1297,2,   39.6844,2,    4.6881,1,    0.0181,1,    2.1783,1
     688.0,2,    4.7217,2,   34.1302,2,   38.9213,2,    4.6884,1,    0.0179,1,    2.1828,1
     690.0,2,    4.7061,2,   34.1319,2,   38.6374,2,    4.6882,1,     0.018,1,    2.1893,1
     692.0,2,    4.6792,2,   34.1364,2,   37.7112,2,    4.6886,1,    0.0182,1,    2.1976,1
     694.0,2,    4.6632,2,   34.1395,2,   36.9896,2,    4.6883,1,    0.0182,1,    2.2027,1
     696.0,2,    4.6536,2,   34.1419,2,   36.5589,2,    4.6885,1,    0.0182,1,    2.2051,1
     698.0,2,    4.6374,2,   34.1454,2,    36.366,2,    4.6886,1,    0.0182,1,    2.2071,1
     700.0,2,    4.6186,2,   34.1496,2,   35.6867,2,    4.6886,1,    0.0182,1,      2.21,1
     702.0,2,    4.6111,2,   34.1509,2,    34.682,2,    4.6886,1,    0.0183,1,    2.2165,1
     704.0,2,    4.6048,2,   34.1519,2,   33.8975,2,    4.6886,1,     0.018,1,    2.2245,1
     706.0,2,    4.5955,2,   34.1541,2,   33.6708,2,    4.6886,1,    0.0178,1,    2.2314,1
     708.0,2,    4.5884,2,   34.1559,2,   33.3122,2,    4.6886,1,    0.0176,1,    2.2363,1
     710.0,2,    4.5874,2,    34.156,2,   32.9493,2,    4.6886,1,    0.0181,1,    2.2401,1
     712.0,2,    4.5856,2,   34.1561,2,   32.8598,2,    4.6887,1,    0.0182,1,    2.2452,1
     714.0,2,    4.5801,2,   34.1568,2,   32.6968,2,    4.6886,1,    0.0182,1,    2.2506,1
     716.0,2,    4.5601,2,   34.1598,2,   32.5744,2,    4.6886,1,    0.0181,1,    2.2541,1
     718.0,2,    4.5475,2,   34.1613,2,   32.3045,2,    4.6886,1,    0.0182,1,    2.2565,1
     720.0,2,    4.5343,2,   34.1635,2,    31.475,2,    4.6886,1,    0.0182,1,    2.2603,1
     722.0,2,    4.5203,2,   34.1657,2,   30.8093,2,    4.6887,1,    0.0182,1,    2.2663,1
     724.0,2,    4.5069,2,   34.1672,2,   30.1931,2,    4.6886,1,    0.0182,1,    2.2731,1
     726.0,2,    4.4906,2,   34.1696,2,   29.8175,2,    4.6886,1,    0.0176,1,     2.279,1
     728.0,2,     4.475,2,   34.1727,2,   29.5214,2,    4.6886,1,    0.0181,1,    2.2827,1
     730.0,2,    4.4623,2,    34.174,2,   28.9426,2,    4.6889,1,    0.0182,1,    2.2855,1
     732.0,2,      4.45,2,   34.1775,2,   28.6651,2,    4.6886,1,     0.018,1,    2.2888,1
     734.0,2,      4.43,2,   34.1792,2,   28.0337,2,    4.6887,1,    0.0181,1,     2.292,1
     736.0,2,    4.4222,2,   34.1809,2,   27.4291,2,    4.6886,1,    0.0182,1,    2.2962,1
     738.0,2,    4.4119,2,   34.1827,2,    26.977,2,    4.6884,1,    0.0182,1,    2.3006,1
     740.0,2,    4.4026,2,   34.1846,2,   26.6722,2,    4.6886,1,    0.0182,1,    2.3045,1
     742.0,2,    4.3964,2,   34.1859,2,   26.3304,2,    4.6887,1,    0.0182,1,    2.3085,1
     744.0,2,    4.3907,2,   34.1875,2,   26.2472,2,    4.6888,1,    0.0176,1,    2.3125,1
     746.0,2,    4.3863,2,   34.1899,2,   25.8419,2,     4.689,1,     0.018,1,    2.3174,1
     748.0,2,    4.3846,2,   34.1905,2,   25.4871,2,     4.689,1,    0.0178,1,    2.3217,1
     750.0,2,    4.3837,2,   34.1911,2,    25.494,2,    4.6892,1,    0.0183,1,    2.3242,1
     752.0,2,    4.3754,2,    34.193,2,   25.4054,2,    4.6888,1,    0.0182,1,    2.3257,1
     754.0,2,    4.3622,2,   34.1944,2,   25.2478,2,    4.6892,1,    0.0182,1,    2.3279,1
     756.0,2,     4.355,2,   34.1987,2,   24.7641,2,    4.6892,1,    0.0182,1,    2.3344,1
     758.0,2,    4.3508,2,   34.2015,2,   24.3463,2,    4.6891,1,    0.0181,1,    2.3406,1
     760.0,2,     4.343,2,   34.2036,2,   24.1525,2,    4.6891,1,    0.0181,1,    2.3449,1
     762.0,2,     4.339,2,    34.206,2,   23.9817,2,    4.6889,1,     0.018,1,    2.3493,1
     764.0,2,    4.3305,2,   34.2113,2,    23.343,2,    4.6891,1,    0.0181,1,    2.3529,1
     766.0,2,    4.3373,2,   34.2147,2,   23.3034,2,     4.689,1,    0.0182,1,    2.3551,1
     768.0,2,    4.3369,2,   34.2166,2,   23.1606,2,    4.6891,1,    0.0181,1,    2.3576,1
     770.0,2,    4.3352,2,   34.2189,2,   23.1791,2,    4.6891,1,    0.0182,1,    2.3602,1
     772.0,2,    4.3364,2,    34.221,2,    22.755,2,    4.6896,1,    0.0183,1,    2.3629,1
     774.0,2,    4.3254,2,   34.2244,2,   22.6277,2,    4.6896,1,    0.0178,1,    2.3653,1
     776.0,2,    4.3088,2,   34.2279,2,   22.4087,2,    4.6897,1,     0.018,1,      2.37,1
     778.0,2,     4.304,2,     34.23,2,   21.8765,2,    4.6895,1,    0.0173,1,    2.3744,1
     780.0,2,    4.3009,2,   34.2326,2,   21.7361,2,    4.6896,1,    0.0178,1,    2.3773,1
     782.0,2,    4.2938,2,   34.2349,2,   21.7056,2,    4.6897,1,    0.0177,1,    2.3802,1
     784.0,2,    4.2901,2,   34.2365,2,   21.3784,2,    4.6897,1,     0.018,1,    2.3822,1
     786.0,2,    4.2827,2,   34.2384,2,   21.3925,2,    4.6895,1,    0.0164,1,    2.3835,1
     788.0,2,    4.2784,2,   34.2392,2,   21.2745,2,    4.6897,1,    0.0182,1,    2.3844,1
     790.0,2,    4.2715,2,   34.2407,2,    21.031,2,    4.6896,1,    0.0187,1,    2.3867,1
     792.0,2,    4.2622,2,   34.2431,2,   20.8105,2,    4.6897,1,    0.0185,1,    2.3926,1
     794.0,2,    4.2539,2,    34.246,2,   20.5679,2,    4.6898,1,    0.0187,1,    2.3984,1
     796.0,2,    4.2455,2,   34.2483,2,   20.4552,2,    4.6894,1,    0.0177,1,    2.4017,1
     798.0,2,    4.2424,2,   34.2496,2,   20.2577,2,    4.6898,1,    0.0181,1,    2.4037,1
     800.0,2,    4.2376,2,   34.2511,2,   20.1427,2,    4.6899,1,    0.0182,1,    2.4044,1
     802.0,2,    4.2328,2,   34.2523,2,   20.2788,2,    4.6899,1,    0.0181,1,     2.405,1
     804.0,2,    4.2248,2,   34.2546,2,   19.9084,2,    4.6898,1,    0.0182,1,    2.4064,1
     806.0,2,    4.2201,2,   34.2561,2,   19.7925,2,    4.6897,1,     0.018,1,     2.408,1
     808.0,2,    4.2173,2,   34.2565,2,   19.6576,2,    4.6897,1,    0.0178,1,    2.4105,1
     810.0,2,    4.2111,2,    34.258,2,   19.7491,2,    4.6898,1,    0.0181,1,    2.4123,1
     812.0,2,    4.2052,2,   34.2597,2,   19.7014,2,    4.6898,1,    0.0182,1,     2.413,1
     814.0,2,       4.2,2,   34.2627,2,   19.4351,2,    4.6898,1,    0.0181,1,    2.4154,1
     816.0,2,    4.1995,2,   34.2639,2,   19.1101,2,    4.6898,1,    0.0182,1,    2.4183,1
     818.0,2,     4.193,2,   34.2654,2,   18.9309,2,    4.6898,1,    0.0182,1,     2.419,1
     820.0,2,    4.1899,2,   34.2661,2,   19.2135,2,    4.6898,1,    0.0181,1,    2.4184,1
     822.0,2,     4.196,2,   34.2699,2,   19.0179,2,    4.6899,1,    0.0181,1,    2.4188,1
     824.0,2,    4.1908,2,   34.2714,2,    18.778,2,    4.6899,1,    0.0181,1,    2.4192,1
     826.0,2,    4.1848,2,    34.273,2,    18.661,2,    4.6898,1,    0.0181,1,    2.4222,1
     828.0,2,    4.1738,2,   34.2752,2,   18.5573,2,    4.6899,1,    0.0181,1,    2.4273,1
     830.0,2,    4.1564,2,   34.2782,2,   18.5792,2,    4.6899,1,    0.0181,1,     2.431,1
     832.0,2,    4.1444,2,   34.2804,2,    18.179,2,    4.6899,1,     0.018,1,    2.4318,1
     834.0,2,    4.1343,2,   34.2818,2,   18.3907,2,    4.6898,1,    0.0181,1,    2.4322,1
     836.0,2,    4.1285,2,   34.2831,2,   18.4589,2,    4.6899,1,    0.0181,1,    2.4344,1
     838.0,2,    4.1247,2,   34.2842,2,   18.0575,2,    4.6898,1,    0.0181,1,    2.4379,1
     840.0,2,    4.1146,2,   34.2874,2,   18.3599,2,    4.6898,1,    0.0182,1,    2.4384,1
     842.0,2,    4.1019,2,   34.2902,2,     18.16,2,    4.6899,1,    0.0182,1,     2.438,1
     844.0,2,    4.0955,2,   34.2916,2,   18.1445,2,    4.6904,1,    0.0181,1,    2.4387,1
     846.0,2,    4.0956,2,   34.2914,2,   18.0107,2,      4.69,1,    0.0181,1,     2.445,1
     848.0,2,    4.0829,2,    34.294,2,   17.9425,2,    4.6903,1,    0.0181,1,    2.4501,1
     850.0,2,    4.0732,2,   34.2961,2,   17.8153,2,      4.69,1,     0.018,1,    2.4516,1
     852.0,2,    4.0684,2,   34.2977,2,   17.9061,2,    4.6904,1,     0.018,1,     2.452,1
     854.0,2,    4.0664,2,   34.2985,2,   17.9362,2,    4.6904,1,    0.0181,1,    2.4516,1
     856.0,2,    4.0626,2,   34.2995,2,    17.634,2,    4.6906,1,    0.0181,1,    2.4566,1
     858.0,2,    4.0663,2,   34.2987,2,   17.7969,2,    4.6908,1,    0.0182,1,    2.4625,1
END_DATA
